<table><thead><tr><th>Alison Kit</th><th>BSc conjoint Bcom</th><th>alison.kit0628@gmail.com</th><th>211351836</th><th>841879707</th></tr></thead><tbody><tr class = "alt"><td>Anh Tang</td><td>Bachelor of Urban Planning</td><td>atan891@auckland.ac.nz</td><td>220513377</td><td>650590956</td></tr><tr><td>Anh Tran</td><td>MFA</td><td>atomiclynx@gmail.com</td><td>021622066</td><td></td></tr><tr class = "alt"><td>Anh-Dao Le</td><td>Bachelor of Optometry</td><td>anhdao_27@hotmail.com</td><td>2102588215</td><td></td></tr><tr><td>Ashley Wong</td><td></td><td>awon650@aucklanduni.ac.nz</td><td>2041034830</td><td>207800920</td></tr><tr class = "alt"><td>Britney Kieu Ho</td><td>BSc , Majoring in Maths and Statistics</td><td>kieuho95k@gmail.com</td><td>021 08453615</td><td></td></tr><tr><td>bui van dai</td><td>Electrical and electronic engineering</td><td>bvdai4312@gmail.com</td><td>274920715</td><td>804591309</td></tr><tr class = "alt"><td>Catherine Liu</td><td>Comp sci</td><td>catherine.liu99@hotmail.com</td><td>0221881368</td><td>165132468</td></tr><tr><td>Catherine To</td><td>Computer Science + Applied Math</td><td>catherineto98@gmail.com</td><td>2108239268</td><td>823312111</td></tr><tr class = "alt"><td>Do Truc Anh Thu</td><td>Law and Art</td><td>tdo438@auckland.ac.nz</td><td>02108608061</td><td></td></tr><tr><td>Du Huynh</td><td>Bachelor of Commerce</td><td>giadu247@gmail.com</td><td>0226556636</td><td></td></tr><tr class = "alt"><td>Duong Quang Long</td><td>Master of commerce</td><td>longqduong@gmail.com</td><td>02102623731</td><td>702783099</td></tr><tr><td>Giang Nguyen</td><td>business</td><td>marilynmorris98@gmail.com</td><td>220156320</td><td>257318206</td></tr><tr class = "alt"><td>Hayley Nguyen</td><td>Accounting and Finance</td><td>hngu809@aucklanduni.ac.nz</td><td>212654791</td><td>9200236</td></tr><tr><td>Henry (Phúc Gia) Lâm</td><td>Criminology</td><td>henry_lam2006@yahoo.com</td><td>211828997</td><td>6733678</td></tr><tr class = "alt"><td>Henry Nguyen</td><td>Science</td><td>henry.n.1996@hotmail.com</td><td>210325477</td><td>754307182</td></tr><tr><td>Hoang Minh Phuong</td><td>Conjoint degree</td><td>hmphuong1512@gmail.com</td><td>02040484404</td><td>540414193</td></tr><tr class = "alt"><td>Isabelle Cohen</td><td>Arts Commerce</td><td>isabelle@sidney.com</td><td>211101102</td><td>697785574</td></tr><tr><td>Jennifer Dang</td><td>Health Sciences</td><td>pdan584@aucklanduni.ac.nz</td><td>223456790</td><td>245206383</td></tr><tr class = "alt"><td>Jessica Wong</td><td>Pharmacology</td><td>jessicawong707@gmail.com</td><td>2041202164</td><td>917013040</td></tr><tr><td>John Van Pham</td><td>Software Engineering</td><td>dpha010@aucklanduni.ac.nz</td><td>221925995</td><td>8563174</td></tr><tr class = "alt"><td>Khánh (ANDY) Nguyễn</td><td>PhD in Infosys</td><td>a.nguyen@auckland.ac.nz</td><td>0220244910</td><td>1835069</td></tr><tr><td>Khoa Nguyen</td><td>BSc</td><td>starkai2410@gmail.com</td><td>02102892516</td><td>418690800</td></tr><tr class = "alt"><td>Krishna Narayanan</td><td>Food science</td><td>krish.nara7@gmail.com</td><td>221662724</td><td>744953260</td></tr><tr><td>Krystal Le</td><td>bachelor of arts in Economics and Tessol</td><td>krystallambert4296@gmail.com</td><td>0226494763</td><td>932908918</td></tr><tr class = "alt"><td>Lan Nguyen</td><td>Engineering</td><td>lana.nguyen195@gmail.com</td><td>021 361 898</td><td></td></tr><tr><td>Le Do Thanh Tam</td><td>TESOL and Academic English Studies & Linguistics</td><td>Drewwhite4296@gmail.com</td><td>0226494782</td><td>580959948</td></tr><tr class = "alt"><td>Le The Phuc</td><td></td><td>lphu356@aucklanduni.ac.nz</td><td>223058817</td><td>414395489</td></tr><tr><td>Linh Do</td><td>PhD in Engineering</td><td>ldo004@aucklanduni.ac.nz</td><td>022 084 7986 </td><td>1761215</td></tr><tr class = "alt"><td>Linh Thuy Ma</td><td>Information System and Marketing</td><td>emilyma96@yahoo.co.nz</td><td>02102658588</td><td></td></tr><tr><td>Mai Nguyễn</td><td>BCom</td><td>thingocmai999@gmail.com</td><td></td><td></td></tr><tr class = "alt"><td>Marcus Leung</td><td>BSc in Chemistry and Biology</td><td>junmingleung@gmail.com</td><td>0212018521</td><td>8185628</td></tr><tr><td>Michael Pham</td><td>Engineering</td><td>-</td><td>2108484630</td><td>796123576</td></tr><tr class = "alt"><td>Michelle Arthars</td><td>Engineering</td><td>michellearthars@gmail.com</td><td>0211180381</td><td>564540995</td></tr><tr><td>Minh Do</td><td>Master of Supply Chain Management</td><td>ducminh0705@gmail.com</td><td>0211382287</td><td>682435547</td></tr><tr class = "alt"><td>Minh Nguyen</td><td>computer science</td><td>minh.nguyen@auckland.ac.nz</td><td>0211754956</td><td>3302821</td></tr><tr><td>Minh Quang Dinh</td><td>Computer Science</td><td>qdin258@aucklanduni.ac.nz</td><td>02102410115</td><td>736990424</td></tr><tr class = "alt"><td>Minh Truong</td><td>Master of Public Policy</td><td>leminhtruongsi@gmail.com</td><td>0224505445</td><td></td></tr><tr><td>Monica Nguyen</td><td></td><td>nguyen.yin27@gmail.com</td><td>2108348527</td><td>303480867</td></tr><tr class = "alt"><td>Mylinh Hoang</td><td>Bachelor of Nursing </td><td>mhoa092@aucklanduni.ac.nz</td><td>210515396</td><td>882837778</td></tr><tr><td>Nga Chau</td><td>Health science</td><td>dzytlun2796@gmail.com</td><td>0210471403</td><td>467441522</td></tr><tr class = "alt"><td>Ngan (Jess) Nguyen</td><td>BCom</td><td>kugn084@aucklanduni.ac.nz</td><td>021 049 0409</td><td>209195728</td></tr><tr><td>Nguyen Doan</td><td>Bachelor of Arts - Film, Media and Television Studies</td><td>ndoa780@aucklanduni.ac.nz</td><td>0223920522</td><td></td></tr><tr class = "alt"><td>Nguyen Hoang Khanh Linh</td><td>Bachelor of Science</td><td>linhng.97@hotmail.com</td><td>0220855397</td><td></td></tr><tr><td>Nguyen Khac Tien</td><td>Computer Science and Infosys</td><td>crazycat194hb@gmail.com</td><td>02102991124</td><td>756505860</td></tr><tr class = "alt"><td>Nguyễn Kỳ Nam</td><td>Master</td><td>nguyenkynam120@gmail.com</td><td>0220260197</td><td></td></tr><tr><td>Nhat Thao Uyen Phan</td><td>Conjoint Art & Engineering</td><td>utha842@aucklanduni.ac.nz</td><td>226558137</td><td>471293753</td></tr><tr class = "alt"><td>Nhu Huynh</td><td>Masters of Civil Engineering</td><td>hnhu910@aucklanduni.ac.nz</td><td>02102892912</td><td></td></tr><tr><td>Nhu Nguyen</td><td>Taylor College Foundation Year</td><td>alicenguyxn@gmail.com</td><td>274666922</td><td></td></tr><tr class = "alt"><td>Nhung nguyen</td><td>Commerce - comlaw & marketing</td><td>nn281195@gmail.com</td><td>0224574666</td><td>8475609</td></tr><tr><td>Nikko Pham</td><td>Fine Arts</td><td>dpha478@aucklanduni.ac.nz</td><td></td><td>866589300</td></tr><tr class = "alt"><td>Pham Mai Quynh</td><td>Master of Accounting</td><td>maiquynh.pham.vn@gmail.com</td><td>02102745465</td><td>576765059</td></tr><tr><td>Phuc</td><td>Intbus finance</td><td>phuc.caos123@gmail.com</td><td>0226403940</td><td>414395489</td></tr><tr class = "alt"><td>Phùng Minh Tùng</td><td>Master of Public Health</td><td>phungminhtung20@gmail.com</td><td>0220317586</td><td>815331339</td></tr><tr><td>Phuong  Nguyen</td><td>BCom</td><td>tngu437@aucklanduni.ac.nz</td><td></td><td>8752290</td></tr><tr class = "alt"><td>Phuong Anh Le</td><td>biomedical sciences</td><td>phanhle1510@gmail.com</td><td>0273088049</td><td>710245098</td></tr><tr><td>Quan Hong Nguyen</td><td>TFC - Tertiary Foundation Certificate</td><td>nguyenhq1612@yahoo.com.vn</td><td>0121 358 776</td><td>448236312</td></tr><tr class = "alt"><td>Quynh Ha</td><td>Arts</td><td>tha644@aucklanduni.ac.nz</td><td>224180100</td><td>9995649</td></tr><tr><td>Richard Ly</td><td>Engineering</td><td>ply850@auckland.ac.nz</td><td>212569069</td><td>889816531</td></tr><tr class = "alt"><td>Sinclair, Jay</td><td>Accountant</td><td>jaysnclr64@gmail.com</td><td>212585225</td><td>9653163</td></tr><tr><td>Sky Nguyen</td><td></td><td>skyn310198@gmail.com</td><td>212593329</td><td>330467035</td></tr><tr class = "alt"><td>Tan Do</td><td>PhD, Mathematics</td><td>tdo006@aucklanduni.ac.nz</td><td>02102879546</td><td>4788616</td></tr><tr><td>Thao Pham</td><td>Bachelor of Science</td><td>tpha495@aucklanduni.ac.nz</td><td>02102553794</td><td>6563146</td></tr><tr class = "alt"><td>Thi Huong Giang Dang</td><td>Law</td><td>hgiang.dang@gmail.com</td><td>0273620029</td><td>406548940</td></tr><tr><td>Tho Duy Pham</td><td>Msc</td><td>bobpham.tdp@gmail.com</td><td>0273671927</td><td></td></tr><tr class = "alt"><td>Thu</td><td>pharmacy</td><td>thu_bui@hotmail.co.nz</td><td>02672350</td><td>9680639</td></tr><tr><td>Toan Pham</td><td>PhD</td><td>tpha025@aucklanduni.ac.nz</td><td>02102312291</td><td></td></tr><tr class = "alt"><td>Tram, Mai Dinh</td><td>BEng</td><td>tdin440@aucklanduni.ac.nz</td><td></td><td>8695038</td></tr><tr><td>Trần Thế Phương</td><td>Master</td><td>tranthephuong85@gmai.com</td><td>0220317573</td><td>654957503</td></tr><tr class = "alt"><td>Tri Phung</td><td>Marketing</td><td>ptri785@aucklanduni.ac.nz</td><td>211371405</td><td>323396371</td></tr><tr><td>Truc (Steve) Tran</td><td>BE&BCom</td><td>ttra404@aucklanduni.ac.nz</td><td>022 177 8878</td><td>653325408</td></tr><tr class = "alt"><td>Trung</td><td></td><td>ttra@aucklanduni.ac.nz</td><td>211613952</td><td>715838095</td></tr><tr><td>Tuyen Nhat Minh Nguyen</td><td>Bcom</td><td>minhtuyen249@gmail.com</td><td>0211488627</td><td></td></tr><tr class = "alt"><td>van luong</td><td>BFA</td><td>vluo556@aucklanduni.ac.nz</td><td>2108737257</td><td>794620149</td></tr><tr><td>Van Tong Ngo</td><td>Phd in politics an irs</td><td>ngovantong2004@yahoo.com</td><td>0220317542</td><td></td></tr><tr class = "alt"><td>Vu Quynh Anh</td><td>commerce (accounting and management)</td><td>quynhanhvu0903@gmail.com</td><td>0211182419</td><td>594423140</td></tr><tr><td>Bao Dang Quoc</td><td>Bachelor of Science</td><td>dmai179@aucklanduni.ac.nz</td><td></td><td>6343100</td></tr><tr class = "alt"><td>Tai Xuan</td><td>Bachelor of Science/ Major in Biology</td><td></td><td></td><td></td></tr><tr><td>Khoa Chau</td><td>Bachelor of Science</td><td>acha760@aucklanduni.ac.nz</td><td></td><td>121534510</td></tr><tr class = "alt"><td>Nhi Thao</td><td>Bcom</td><td>tlet842@aucklanduni.ac.nz</td><td></td><td>461188212</td></tr><tr><td>Dung Nguyen</td><td>Bachelor of Science</td><td>dngu899@aucklanduni.ac.nz</td><td></td><td>8040170</td></tr><tr class = "alt"><td>Linh Ta</td><td>Food science</td><td>lta684@aucklanduni.ac.nz</td><td></td><td>6229367</td></tr><tr><td>Phuong Dang</td><td></td><td>pdan584@aucklanduni.ac.nz </td><td></td><td>245206383</td></tr><tr class = "alt"></tr></tbody></table>